L2,L3,L2,L2,W
L3,L2,H2,H4,H4
L1,H1,L3,L3,H4
L2,L3,L2,L2,L1
H4,H3,L3,L2,L2
L2,L1,W,L3,L2
L2,L2,H1,L3,L2
L2,L2,L1,L1,H2
L1,L2,L3,H1,L1
L1,H3,H4,L2,L1
L3,L2,L2,H4,H2
L1,L1,H2,L3,H1
H1,H2,H1,L1,H2
W,L3,L1,H4,L3
H4,L1,H4,L2,L2
H4,H3,H2,H4,H3
L3,L2,W,L2,H2
H3,L3,L3,L1,H2
L2,H4,L3,H1,L3
H3,H1,H4,L1,L2
W,H3,L3,H3,W
H1,L3,L2,H4,L1
H4,L3,H3,L3,H3
L3,H1,H4,H1,W
H3,H3,L3,H2,H3
L1,L3,H3,L1,H4
H1,L1,L1,L3,H3
L2,L2,H3,L1,H4
L2,L2,H2,L1,L2
L3,L1,H4,L3,H3
H4,H2,L3,L3,L1
H3,H4,L3,L1,L1
L2,W,H4,H2,H4
H4,L2,L2,L1,L3
H2,L2,H3,L3,H3
H2,L2,H4,L3,L1
H1,H1,L3,L3,H3
L3,H4,L3,L2,L3
S,L2,H1,L3,W
W,L3,L3,L1,H3
H4,L2,L2,L1,L3
L2,W,L3,H4,H3
H2,W,H3,L3,H1
W,W,L1,W,L2
H3,L1,H2,H3,L3
L2,H4,L2,H2,H1
H3,H1,H1,W,H2
L2,L1,L3,L1,L1
L3,H2,L2,L3,H4
L3,L2,W,L1,H4
W,H3,L3,H4,L3
H3,H3,L3,L2,H2
L3,L3,W,L1,L1
H4,L3,H3,H4,L2
H2,L3,W,L3,L2
L3,H1,L2,L3,H3
L3,H3,L3,L3,L2
L2,L2,L2,L1,H4
H2,H3,H2,L3,L3
L3,L2,L3,H1,L1
H2,W,H4,H1,H4
L2,H4,L3,L1,H3
H2,H4,L1,L1,L1
L1,L3,L2,H4,L2
L3,H3,L3,L3,L1
H3,L3,H4,L2,L2
H4,L3,H4,H3,L3
H4,L3,W,H4,H4
L3,L3,W,L3,H2
L2,L1,H4,L3,L3
L3,L2,L3,L2,L1
L3,L1,H1,H1,W
L2,L2,L3,L3,L1
H3,H3,L2,H3,H3
L1,H4,L3,H2,L2
H3,L3,L3,H3,W
H3,H4,H2,L3,H4
H4,L1,H3,L2,L1
H4,H4,H2,L1,H4
L2,L3,L1,H2,H4
H4,H4,L2,L3,L3
L1,L3,H3,L2,L1
H2,L3,L1,L2,L1
L3,H2,H2,L2,L2
L3,H1,L1,H2,L3
H3,L1,H4,L3,H3
L2,H3,L2,L3,H2
L3,L1,L1,H1,L1
L1,L3,L2,L1,H2
L1,H3,L2,H3,L1
L3,H4,H4,L1,L2
H3,H2,L2,L3,H2
S,L1,L3,H4,H2
L3,L2,H1,L3,W
H1,L3,L3,H1,L3
H1,L3,L3,H3,H1
L1,L3,W,H1,H2
H4,L1,L2,W,H4
H3,H3,L3,L2,L1
L2,L2,H4,W,L1
H3,L2,H3,L3,L3
L1,H3,L3,H4,W
H3,H3,H4,L1,H4
H4,L3,L2,L3,H2
L3,H4,H3,H3,H1
H2,W,L2,L3,L3
H2,H1,L1,W,H4
W,L2,L2,H3,L1
L3,L1,L1,L2,H3
L1,H1,H4,L2,L1
H3,H4,L1,L1,L3
L1,L3,L2,L3,L1
H4,H4,H4,L1,L1
W,H3,L3,H4,L2
L1,L3,L2,L3,H4
H4,L2,H2,H4,L3
H2,L2,H3,L3,H2
L3,L2,L2,L3,H1
H2,H2,L2,H4,L1
H4,L3,H4,H1,L3
L3,L3,L1,H2,L2
W,L1,H2,L2,L3
W,H4,H3,H1,L1
H3,H4,W,L3,L1
L3,W,H1,W,H3
L1,L2,H3,L3,L3
L1,L3,L1,L1,L1
H4,H1,L2,H3,H4
L1,H1,H3,L1,L3
H2,H4,L2,L3,L3
L3,L3,L1,L1,H4
W,L2,L3,L3,H2
L3,L3,L3,L1,H2
H3,L2,L3,L1,H3
H1,H2,H4,W,H2
L1,L3,L1,L1,H2
L2,W,W,L3,H2
H3,H4,H1,L3,L3
H4,H2,L3,H4,L3
H1,L2,H3,L1,H1
L2,H4,H3,H4,L3
L2,L2,L2,L3,L1
L3,H4,L2,H4,L3
L2,L1,L2,L1,H2
W,H4,L3,H4,L1
L1,L3,L1,H1,L3
L1,H3,L3,H3,H3
H4,L3,L3,H4,H3
H1,W,H3,H4,L3
H4,H3,L2,L3,H4
L3,L1,L3,H3,H3
H3,L2,L1,L3,H1
H3,L2,L2,L1,W
L3,H4,L2,H3,H2
H1,H3,L2,L2,H2
W,L2,L2,L3,L1
H4,H4,L2,H4,L2
H2,L3,L3,L1,L2
L2,L3,W,L1,H4
L3,W,H3,H2,L2
H3,L2,L2,L3,L3
L1,L1,H2,H3,H2
H1,L3,L2,L2,H3
L1,L2,W,L3,L1
H4,L2,L3,H2,L3
L3,L2,H3,L1,L2
H2,L3,W,H2,H4
L1,H4,L3,H1,L3
H4,H1,H4,H4,L3
H2,L2,H4,L3,H1
L1,H3,H3,L1,L3
L1,L2,H3,L2,H3
L3,L2,L1,L3,L1
L1,S,L2,H3,L2
L1,L3,L2,L2,L2
L2,L3,L3,W,L2
L2,H2,L3,L2,H4
L3,S,L2,H1,H4
L3,W,L1,L3,L2
H4,H4,L3,L2,H4
L1,L2,L2,W,L1
L3,L3,H3,L1,W
H3,H4,W,H2,H3
H2,L2,L1,L2,H3
H4,H2,L3,L1,L1
H3,H4,H3,L2,H4
W,W,L3,L1,L1
L2,L2,L2,L3,H1
L3,L2,H4,L3,W
H1,L2,H4,L3,L2
H1,L2,L2,H4,S
L3,H3,H1,H2,H2
L3,L2,W,L2,L2
W,H4,L2,W,H2
H3,L3,L2,H3,L2
L2,L1,W,L1,L3
L3,W,L3,H1,H4
L2,L2,L1,L1,L1
H4,H1,H2,W,H2
H2,L3,L3,L2,L2
